cth,title,is_bin,bin_uncertain,doc_count,reason
1,Der Anitta-Text,False,False,6,no bin keyword in title
2,Fragmente mit Erwähnung Anum-Ḫirbis und der Stadt Zalpa,True,False,3,bin keyword present but title is long/specific (8 words) -- may be a real composition whose title mentions fragments; human review requested | RESOLVED 2026-07-21 (user sign-off): bin
3,Erzählung um die Stadt Zalpa und Fragmente mit Erwähnung der Stadt Zalpa,True,False,16,bin keyword present but title is long/specific (12 words) -- may be a real composition whose title mentions fragments; human review requested | RESOLVED 2026-07-21 (user sign-off): bin
4,Annalen Hattušilis I.,False,False,9,no bin keyword in title
5,Erlass Hattušilis I.,False,False,6,no bin keyword in title
7,Belagerung von Uršu,False,False,1,no bin keyword in title
8,Palastchronik,False,False,9,no bin keyword in title
9,Palastchronikfragmente,True,False,7,bin keyword + short/generic title (1 words)
10,Fragmente mit Erwähnung des Feldzugs Muršilis I. gegen Babylon,True,False,3,bin keyword present but title is long/specific (9 words) -- may be a real composition whose title mentions fragments; human review requested | RESOLVED 2026-07-21 (user sign-off): bin
11,Feldzug Muršilis I. gegen Aleppo,False,False,2,no bin keyword in title
12,Anatolische Feldzüge Muršilis I.,False,False,5,no bin keyword in title
13,Kämpfe Muršilis I.? gegen die Hurriter,False,False,4,no bin keyword in title
14,Res gestae Ḫattušilis I.,False,False,17,no bin keyword in title
16,Legendäre Erzählungen über Kämpfe mit den Hurritern,False,False,5,no bin keyword in title
17,Fragmente mit Bezug auf Kämpfe mit Hurritern,True,False,1,bin keyword present but title is long/specific (7 words) -- may be a real composition whose title mentions fragments; human review requested | RESOLVED 2026-07-21 (user sign-off): bin
18,Chronik des Ammuna,False,False,3,no bin keyword in title
19,"Telipinu-Erlass (.I Akkadisch, .II Hethitisch)",False,False,10,no bin keyword in title
20,Telipinus Feldzug gegen Laḫḫa,False,False,2,no bin keyword in title
21,"Vertrag Telipinus mit Išputaḫšu von Kizzuwatna (.I Akkadisch, .II Hethitisch)",False,False,5,no bin keyword in title
22,Fragment mit Erwähnung Telipinus,True,False,1,bin keyword + short/generic title (4 words)
23,Fragmente mit Erwähnung Alluwamnas,True,False,4,bin keyword + short/generic title (4 words)
24,Fragmente mit Erwähnung Pimpiras,True,False,9,bin keyword + short/generic title (4 words)
25,Vertrag Zidanzas II. mit Pillija von Kizzuwatna,False,False,1,no bin keyword in title
26,Vertrag eines hethitischen Königs mit Paddatiššu von Kizzuwatna,False,False,1,no bin keyword in title
27,Vertrag mit den Ḫabiru,False,False,1,no bin keyword in title
28,Mittelhethitischer Vertrag,False,False,1,no bin keyword in title
29,Vertrag Taḫurwailis mit Eḫeja von Kizzuwatna,False,False,2,no bin keyword in title
39,Althethitische historische Fragmente,True,False,14,bin keyword + short/generic title (3 words)
40,Šuppiluliumas Mannestaten,False,False,77,no bin keyword in title
41,"Vertrag Tutḫalijas I. mit Šunaššura von Kizzuwatna (.I Akkadisch, .II Hethitisch)",False,False,5,no bin keyword in title
42,Vertrag Šuppiluliumas I. mit Ḫukkana von Ḫayaša,False,False,2,no bin keyword in title
44,Erlass Šuppiluliumas über das Priestertum des Telipinu im Lande Kizzuwatna,False,False,2,no bin keyword in title
49,"Vertrag Šuppiluliumas I. mit Aziru von Amurru (.I Akkadisch, .II Hethitisch)",False,False,10,no bin keyword in title
50,Vertrag Šuppiluliumas I. mit Šarri-Kušuḫ von Karkamiš,False,False,1,no bin keyword in title
51,"Vertrag Šuppiluliumas I. mit Šattiwaza von Mitanni (.I Akkadisch, .II Hethitisch)",False,False,4,no bin keyword in title
52,"Vertrag Šattiwazas von Mitanni mit Šuppiluliuma I. (.I Akkadisch, .II Hethitisch)",False,False,1,no bin keyword in title
53,Vertrag Šuppiluliumas I. mit Tette von Nuḫašše,False,False,7,no bin keyword in title
57,Erlass Muršilis II. über die Anerkennung des Status seines Bruders Pijaššili/Šarri-Kušuḫ in Karkamiš,False,False,1,no bin keyword in title
58,Bericht Arnuwandas II. über Taten seines Vaters Šuppiluliuma I.,False,False,1,no bin keyword in title
61,"Annalen Muršilis II. (.I Zehnjahresannalen, .II Ausführliche Annalen, .III nicht zugeordnete Fragmente)",True,False,57,bin keyword present but title is long/specific (12 words) -- may be a real composition whose title mentions fragments; human review requested | RESOLVED 2026-07-21 (user sign-off): bin
62,"Vertrag Muršilis II. mit Duppi-Teššup von Amurru (.I Akkadisch, .II Hethitisch)",False,False,6,no bin keyword in title
63,Rechtssprüche zum Grenzkonflikt zwischen Nuḫašše und Barga sowie Übereinkunft mit Duppi-Teššup von Amurru,False,False,11,no bin keyword in title
67,Vertrag Muršilis II. mit Targašnalli von Ḫapalla,False,False,1,no bin keyword in title
68,Vertrag Muršilis II. mit Kupanta-Kurunta von Mira und Kuwalija,False,False,27,no bin keyword in title
69,Vertrag Muršilis II. mit Manapa-Tarḫunta von Šēḫa,False,False,4,no bin keyword in title
70,Gebet Muršilis II. über Untaten und Verbannung der Tawananna (Witwe Šuppiluliumas I.),False,False,11,no bin keyword in title
72,"Bericht Muršilis II. über Auseinandersetzungen mit Ägypten in Syrien, mit Gebet an die Götterversammlung",False,False,1,no bin keyword in title
75,Vertrag Muwattallis II. mit Talmi-Šarrumma von Aleppo,False,False,5,no bin keyword in title
76,Vertrag Muwattallis II. mit Alakšandu von Wiluša,False,False,2,no bin keyword in title
78,Vertrag mit Ḫayaša,False,False,5,no bin keyword in title
79,Memorandum zu Muršili III.,False,False,1,no bin keyword in title
81,Apologie Ḫattušilis III.,False,False,17,no bin keyword in title
82,Annalen Ḫattušilis III.,False,False,1,no bin keyword in title
83,Bericht Ḫattušilis III. über Feldzüge Šuppiluliumas I.,False,False,12,no bin keyword in title
84,Bericht über Taten Šuppiluliumas I. und Muršilis II.,False,False,2,no bin keyword in title
85,Konflikt zwischen Muršili III. (Urḫi-Teššup) und Ḫattušili III.,False,False,8,no bin keyword in title
86,Erlass Ḫattušilis III. über das Vermögen von Arma-Tarḫunta,False,False,3,no bin keyword in title
87,Erlass Ḫattušilis III. zugunsten der Söhne des Mittanamuwa,False,False,1,no bin keyword in title
88,Erlass Ḫattušilis III. über die Befreiung des ḫekur des Pirwa von Abgaben,False,False,3,no bin keyword in title
89,Erlass Ḫattušilis III. über die Leute von Tiliura,False,False,4,no bin keyword in title
91,Vertrag Ḫattušilis III. mit Ramses II. von Ägypten,False,False,5,no bin keyword in title
92,Vertrag Ḫattušilis III. mit Bentešina von Amurru,False,False,1,no bin keyword in title
96,Erklärung des Kurunta von Tarḫuntašša,False,False,1,no bin keyword in title
98,Brief? mit Erwähnung des Bentešina und Ägyptens,False,False,1,no bin keyword in title
99,Historischer Bericht,False,False,1,no bin keyword in title
100,Abkommen zwischen Ini-Teššup von Karkamiš und Ugarit,False,False,5,no bin keyword in title
101,Fragmente zur Wiederherstellung von Nerik,True,False,2,bin keyword + short/generic title (5 words)
105,Vertrag Tutḫalijas IV. mit Šauškamuwa von Amurru,False,False,2,no bin keyword in title
106,Verträge mit Königen von Tarḫuntašša,False,False,4,no bin keyword in title
121,Inschrift Šuppiluliumas II. über die Eroberung von Alašija,False,False,1,no bin keyword in title
122,Vertrag Šuppiluliumas II. mit Talmi-Teššup von Karkamiš,False,False,3,no bin keyword in title
123,Vertrag Tutḫalijas IV. oder Šuppiluliumas II. mit unbekanntem Partner,False,False,1,no bin keyword in title
124,Treueid eines Schreibers (Tagi-Šarruma?),False,False,4,no bin keyword in title
126,Historische Fragmente mit Erwähnung Šuppiluliumas II.,True,False,5,bin keyword + short/generic title (6 words)
127,Brief über Hungerjahre und Getreidelieferung,False,False,1,no bin keyword in title
132,Vertrag mit Kizzuwatna,False,False,1,no bin keyword in title
133,Vertrag Arnuwandas I. mit den Leuten von Išmerika,False,False,3,no bin keyword in title
134,Vertrag mit Kuruštama,False,False,4,no bin keyword in title
135,Vertrag Tutḫalijas I.? mit Tunip,False,False,3,no bin keyword in title
136,Vertrag Šuppiluliumas I. mit Mukiš,False,False,1,no bin keyword in title
137,Vertrag Arnuwandas I. mit den Kaškäern,False,False,2,no bin keyword in title
138,Vertrag Arnuwandas I. mit den Kaškäern,False,False,5,no bin keyword in title
139,Vertrag Arnuwandas I. mit den Kaškäern,False,False,7,no bin keyword in title
140,Fragmente der Verträge Arnuwandas I. mit den Kaškäern,True,False,10,bin keyword present but title is long/specific (8 words) -- may be a real composition whose title mentions fragments; human review requested | RESOLVED 2026-07-21 (user sign-off): bin
141,Vertrag Šuppiluliumas II. mit Alašija,False,False,1,no bin keyword in title
142,Annalen Tutḫalijas I.,False,False,9,no bin keyword in title
143,Annalen Arnuwandas I.,False,False,2,no bin keyword in title
145,Eidesleistung aus der Zeit Šuppiluliumas II.,False,False,1,no bin keyword in title
146,Mida von Paḫḫuwa,False,False,2,no bin keyword in title
147,Vergehen des Madduwatta,False,False,1,no bin keyword in title
148,Historischer Bericht Arnuwandas I.,False,False,1,no bin keyword in title
151,Brief Amenophis III. an Tarḫundaradu von Arzawa,False,False,1,no bin keyword in title
152,Brief aus Arzawa an Amenophis III.,False,False,1,no bin keyword in title
154,Brief Šuppiluliumas I. an Aj?,False,False,2,no bin keyword in title
155,Brief Ramses II. an Ḫattušili III. über Urḫi-Teššup,False,False,2,no bin keyword in title
156,Briefe Ramses II. an Ḫattušili III. über Urḫi-Teššup,False,False,5,no bin keyword in title
157,Heiratsbriefe Ramses II. an Ḫattušili III.,False,False,8,no bin keyword in title
158,Heiratsbriefe Ramses II. an Puduḫepa,False,False,2,no bin keyword in title
159,Heiratsbriefe Ramses II. an Ḫattušili III. und Puduḫepa,False,False,6,no bin keyword in title
160,Brief Puduḫepas an Ramses II.,False,False,1,no bin keyword in title
161,Brief Ramses II. an Ḫattušili III.,False,False,1,no bin keyword in title
162,Briefe Ramses II. an Ḫattušili III. und Puduḫepa,False,False,5,no bin keyword in title
163,Briefe Ramses II. an Ḫattušili III.,False,False,25,no bin keyword in title
164,Briefe Ramses II. an Puduḫepa,False,False,17,no bin keyword in title
165,Briefe Ramses II. an unbekannte Adressaten,False,False,4,no bin keyword in title
166,Brief Ramses II. an Kupanta-Kurunta von Mira,False,False,1,no bin keyword in title
167,"Brief Napteras, Gemahlin Ramses II., an Puduḫepa",False,False,1,no bin keyword in title
168,Briefe der Königsmutter Tūja an Ḫattušili III.,False,False,2,no bin keyword in title
169,"Briefe des Prinzen Šutaḫapšap, Sohn Ramses II., an Ḫattušili III.",False,False,2,no bin keyword in title
170,Fragmente ägyptisch-hethitischer Korrespondenz,True,False,34,bin keyword + short/generic title (3 words)
171,Brief Muwatallis II. an Adad-nīrāri I.,False,False,1,no bin keyword in title
172,Brief Ḫattušilis III. an Kadašman-Enlil II.,False,False,1,no bin keyword in title
173,Brief Ḫattušilis III. an Adad-nārārī I.,False,False,1,no bin keyword in title
174,Brief Kadašman-Turgus an Ḫattušili III.,False,False,1,no bin keyword in title
175,Brief Salmanassars I.? von Assyrien an einen hethitischen König,False,False,1,no bin keyword in title
176,Brief Puduḫepas an Ramses II.,False,False,1,no bin keyword in title
177,Briefe Tutḫalijas IV. an Tukultī-Ninurta I. von Assyrien,False,False,3,no bin keyword in title
178,Briefe Tutḫalijas IV. an Baba-aḫ-iddina sowie an andere Adressaten aus Assyrien,False,False,3,no bin keyword in title
179,Briefe eines Königs von Ḫanigalbat,False,False,3,no bin keyword in title
180,Brief Puduḫepas an Tattamaru,False,False,1,no bin keyword in title
181,Brief eines hethitischen Königs an den König von Aḫḫijawa (Tawagalawa-Brief),False,False,1,no bin keyword in title
182,Milawata-Brief,False,False,1,no bin keyword in title
183,Brief des Königs von Aḫḫijawa an den hethitischen König,False,False,1,no bin keyword in title
185,Brief Ḫattušilis III. an Zuwa,False,False,1,no bin keyword in title
186,Königsbriefe an Vasallen,False,False,56,no bin keyword in title
187,Fragmentarische Königsbriefe,True,False,26,bin keyword + short/generic title (2 words)
188,Brief an den König oder die Königin,False,False,42,no bin keyword in title
190,Korrespondenz der Würdenträger,False,False,79,no bin keyword in title
191,Brief Manapa-Tarḫuntas an den hethitischen König,False,False,1,no bin keyword in title
192,Brief Tutḫalijas an die Königin,False,False,1,no bin keyword in title
193,Brief Bentešinas von Amurru an Ḫattušili III.,False,False,2,no bin keyword in title
194,Brief eines Muwatalli an den König,False,False,1,no bin keyword in title
195,Brief dreier Auguren an die Königin,False,False,1,no bin keyword in title
196,Brief Lupakkis an den König von Karkamiš,False,False,1,no bin keyword in title
197,Brief Mašas an seinen Herrn,False,False,1,no bin keyword in title
198,Brief eines Tutḫalija an den König,False,False,1,no bin keyword in title
199,Brief Tarḫuntiššas an Palla,False,False,1,no bin keyword in title
200,Brief Kaššus? an den König,False,False,1,no bin keyword in title
201,Brief Pazzus an den König,False,False,1,no bin keyword in title
202,Brief Mašḫuiluwas von Mira-Kuwalija an Muršili II.,False,False,1,no bin keyword in title
203,Brief eines hohen Beamten an den König,False,False,1,no bin keyword in title
205,Brief Tagi-Šarrumas an den König,False,False,1,no bin keyword in title
208,Fragmente akkadischer Briefe,True,False,63,bin keyword + short/generic title (3 words)
209,Fragmente hethitischer Briefe,True,False,177,bin keyword + short/generic title (3 words)
210,Verschiedene Brieffragmente,True,False,23,bin keyword + short/generic title (2 words)
211,Fragmente von Annalen,True,False,37,bin keyword + short/generic title (3 words)
212,Fragmente von Verträgen oder Instruktionen,True,False,150,bin keyword + short/generic title (5 words)
213,Fragmente von Götterzeugenlisten in Verträgen und Instruktionen,True,False,7,bin keyword present but title is long/specific (7 words) -- may be a real composition whose title mentions fragments; human review requested | RESOLVED 2026-07-21 (user sign-off): bin
214,Fragmente historischer Texte,True,False,56,bin keyword + short/generic title (3 words)
215,Undifferenzierte Fragmente historischer Texte,True,False,335,bin keyword + short/generic title (4 words)
216,Fragmente akkadischer historischer Texte,True,False,33,bin keyword + short/generic title (4 words)
222,Königliche Landschenkungsurkunden,False,False,94,no bin keyword in title
224,Landschenkung Ḫattušilis III. an Ura-Tarḫunta,False,False,1,no bin keyword in title
225,Landschenkung Tutḫalijas IV. an Šaḫurunuwa,False,False,4,no bin keyword in title
229,Nichtkönigliche Urkunden,False,False,2,no bin keyword in title
230,Itinerare,False,False,2,no bin keyword in title
231,Liste von Verwaltern (LÚAGRIG),False,False,1,no bin keyword in title
232,Liste von Palastangestellten,False,False,2,no bin keyword in title
233,Liste von Familien,False,False,6,no bin keyword in title
234,Liste von Männern,False,False,5,no bin keyword in title
235,Liste von Frauen,False,False,5,no bin keyword in title
236,Liste von Männern und Soldaten,False,False,10,no bin keyword in title
237,Liste von Personen,False,False,19,no bin keyword in title
238,Liste von Ortschaften,False,False,14,no bin keyword in title
239,"Liste von Feldern, Kataster",False,False,33,no bin keyword in title
240,"Texte zu Verkauf, Kauf und Tausch",False,False,6,no bin keyword in title
241,"Inventare von Truhen (.I Inventare, .II Transporttexte (ŠA KASKAL))",False,False,38,no bin keyword in title
242,"Texte zur Herstellung von Metallobjekten (.I Gold und Silber, .II Kupfer)",False,False,21,no bin keyword in title
243,"Texte zur Textil- und Lederherstellung (.I Wolle- und Fellverarbeitung, .II Textilherstellung)",False,False,17,no bin keyword in title
244,"Inventare von Inlandstribut (MADDATTU) (.I Metalle und langlebige Güter, .II Wolle und Kleidungsstücke)",False,False,19,no bin keyword in title
245,"Texte betreffs Distributionen (.I Unter Aufsicht (ĪDE), .II An namentlich genannte Personen, .III Sonstige)",False,False,20,no bin keyword in title
246,"Komplexe Inventare (.I Benannte, .II Fragmente)",True,False,29,bin keyword + short/generic title (6 words)
247,Inventare mit Zustandsbeschreibungen und zur Instandhaltung,False,False,10,no bin keyword in title
248,"Mit dem Staatskult im Zusammenhang stehende Inventare (.I Tempelinventare mit Kommentar über Versorgung, .II Detaillierte Beschreibungen von Kultbildern, .III Texte zu Votivobjekten, .IV Inventarfragmente von Kultbildern und Figuren)",True,False,24,bin keyword present but title is long/specific (28 words) -- may be a real composition whose title mentions fragments; human review requested | RESOLVED 2026-07-21 (user sign-off): bin
249,"Inventare und Inventarfragmente (.I Gemischte Inventare, .II Textile und Kleidungsstücke, .III Edelmetall- und Steinobjekte und Schmucksachen, .IV Elfenbein- und Ebenholzobjekte, .V Waffen und Werkzeug)",True,False,46,bin keyword present but title is long/specific (24 words) -- may be a real composition whose title mentions fragments; human review requested | RESOLVED 2026-07-21 (user sign-off): bin
250,Verschiedene Inventare und Verwaltungsfragmente,True,False,21,bin keyword + short/generic title (4 words)
251,Instruktionen für Würdenträger (LÚ.MEŠDUGUD),False,False,2,no bin keyword in title
252,Instruktionen Ašmunikkals für die Wächter der Grabanlage (É.NA₄),False,False,2,no bin keyword in title
253,Instruktionen Šuppiluliumas I.,False,False,2,no bin keyword in title
254,Militärische Instruktionen Ḫattušilis III.,False,False,1,no bin keyword in title
255,"Instruktionen Tutḫalijas IV. für Prinzen, Herren und Obere (LÚ.MEŠSAG)",False,False,10,no bin keyword in title
256,Instruktionen Šuppiluliumas II.,False,False,1,no bin keyword in title
257,Instruktionen Arnuwandas I. für den Bürgermeister (ḪAZANNU),False,False,11,no bin keyword in title
258,Instruktionen eines Tutḫalija zur Stabilisierung der Rechtsverhältnisse,False,False,1,no bin keyword in title
259,Militärische Instruktionen Tutḫalijas I.,False,False,5,no bin keyword in title
260,Instruktionen Arnuwandas I. und Ašmunikkals für Würdenträger (LÚ.MEŠDUGUD),False,False,5,no bin keyword in title
261,Instruktionen Arnuwandas I. für Provinzgouverneure (BĒL MADGALTI),False,False,23,no bin keyword in title
262,Instruktionen für die Leibwache (LÚ.MEŠMEŠEDI),False,False,2,no bin keyword in title
263,Instruktionen für die Torwächter,False,False,3,no bin keyword in title
264,Instruktionen für Priester und Tempelpersonal,False,False,19,no bin keyword in title
265,Instruktionen für Palastangestellte,False,False,3,no bin keyword in title
266,Instruktionen für Palastpersonal,False,False,1,no bin keyword in title
267,Instruktionen für Soldaten (LÚ.MEŠUKU.UŠ),False,False,1,no bin keyword in title
268,Militärische Instruktionen,False,False,1,no bin keyword in title
269,Königserlass über soziale und wirtschaftliche Reformen,False,False,2,no bin keyword in title
270,Eid des Ašḫapala,False,False,1,no bin keyword in title
271,Instruktionen für die dynastische Abfolge,False,False,12,no bin keyword in title
272,Königserlass,False,False,1,no bin keyword in title
275,Fragmente der Instruktionen und Protokolle,True,False,63,bin keyword + short/generic title (5 words)
276,"Tafelkatalog, Typ: DUB.xKAM",False,False,24,no bin keyword in title
277,"Tafelkatalog, Typ: x ṬUP-PU",False,False,14,no bin keyword in title
278,"Tafelkatalog, Typ: x DUB UMMA/mān",False,False,3,no bin keyword in title
279,"Tafelkatalog, Typ: mān/INIM, ohne DUB",False,False,4,no bin keyword in title
280,"Tafelkatalog, Typ: DUB.x.BI",False,False,1,no bin keyword in title
281,"Tafelkatalog, Typ: DUB.xKAM in linker Kolumne",False,False,1,no bin keyword in title
282,Verschiedene Tafelkataloge,False,False,16,no bin keyword in title
283,Bibliotheksetiketten,False,False,25,no bin keyword in title
284,Pferdetrainingsanleitung des Kikkuli,False,False,6,no bin keyword in title
285,Rituell eingeleitete Pferdetrainingsanleitung,False,False,2,no bin keyword in title
286,Pferdetrainingsanleitung (Hethitisch),False,False,13,no bin keyword in title
287,Fragmente von Pferdetrainingsanleitungen,True,False,2,bin keyword + short/generic title (3 words)
289,Chemische Rezepte und Glasrezepte,False,False,3,no bin keyword in title
291,"Gesetze, 1. Serie: ""Wenn ein Mann""",False,False,28,no bin keyword in title
292,"Gesetze, 2. Serie: ""Wenn eine Rebe""",False,False,36,no bin keyword in title
293,Gerichtsprotokoll zu Ukkura,False,False,1,no bin keyword in title
294,Gerichtsprotokoll zu Kunijapija,False,False,6,no bin keyword in title
295,Verschiedene Gerichtsprotokolle,False,False,23,no bin keyword in title
296,Gerichtsprotokoll zu Pallarija,False,False,1,no bin keyword in title
297,Mögliche Gerichtsprotokolle,False,False,39,no bin keyword in title
299,Sa,False,False,4,no bin keyword in title
300,Diri,False,False,9,no bin keyword in title
301,Erimḫuš,False,False,13,no bin keyword in title
302,Ura,False,False,8,no bin keyword in title
303,Izi,False,False,4,no bin keyword in title
304,Kagal,False,False,7,no bin keyword in title
305,LU = ša,False,False,2,no bin keyword in title
306,Zeichenliste,False,False,1,no bin keyword in title
309,Fragmente lexikalischer Listen,True,False,57,bin keyword + short/generic title (3 words)
310,"Hethitische Fragmente des šar tamḫāri ""König der Schlacht""",True,False,8,bin keyword present but title is long/specific (8 words) -- may be a real composition whose title mentions fragments; human review requested | RESOLVED 2026-07-21 (user sign-off): bin
311,Naram-Sin in Kleinasien,False,False,6,no bin keyword in title
312,Hymne an Ištar,False,False,3,no bin keyword in title
313,"Hymne an Adad (.I Akkadisch, .II Hethitisch)",False,False,1,no bin keyword in title
314,Trilinguale Hymne an Iškur-Adad,False,False,4,no bin keyword in title
315,Botschaft des Lú-dingir-ra an seine Mutter,False,False,2,no bin keyword in title
316,Akkadisch-hethitische Weisheitstexte,False,False,2,no bin keyword in title
321,Illujanka-Mythos,False,False,8,no bin keyword in title
322,Mythos von Telipinu und der Tochter des Meeres,False,False,5,no bin keyword in title
323,Mythos von Verschwinden und Wiederkehr der Sonnengottheit,False,False,6,no bin keyword in title
324,Telipinu-Mythos,False,False,16,no bin keyword in title
325,Mythos von Verschwinden und Wiederkehr des Wettergottes,False,False,5,no bin keyword in title
326,Mythos von Verschwinden und Wiederkehr des Wettergottes der Ašmunikkal,False,False,3,no bin keyword in title
327,Mythos von Verschwinden und Wiederkehr des Wettergottes der Ḫarapšili,False,False,9,no bin keyword in title
328,Mythos von Verschwinden und Wiederkehr des Wettergottes des Schreibers Pirwa,False,False,2,no bin keyword in title
330,Ritual für den Wettergott von Kuliwišna,False,False,43,no bin keyword in title
331,Mythos des Wettergottes in Liḫzina,False,False,2,no bin keyword in title
332,Mythos von Verschwinden und Wiederkehr des Wettergottes: mugawar-Fragmente,True,False,7,bin keyword present but title is long/specific (8 words) -- may be a real composition whose title mentions fragments; human review requested | RESOLVED 2026-07-21 (user sign-off): bin
333,Mythos von Verschwinden und Wiederkehr von Anzili und Zukki,False,False,3,no bin keyword in title
334,Mythos von Verschwinden und Wiederkehr der Ḫannaḫanna (DINGIR.MAḪ),False,False,21,no bin keyword in title
335,Fragmente der Mythen von verschwindenden und wiederkehrenden Gottheiten,True,False,32,bin keyword present but title is long/specific (8 words) -- may be a real composition whose title mentions fragments; human review requested | RESOLVED 2026-07-21 (user sign-off): bin
336,Mythen der Göttin Inara (DKAL),False,False,7,no bin keyword in title
337,Fragmente mit Erwähnung des Gottes Pirwa,True,False,2,bin keyword + short/generic title (6 words)
338,Herrn der Zunge: Mythos und Ritual,False,False,3,no bin keyword in title
339,Mythos des Sonnengottes und der Ilalijant-Götter,False,False,3,no bin keyword in title
341,"Gilgameš (.I Akkadisch, .II Hurritisch, .III Hethitisch)",False,False,50,no bin keyword in title
342,Elkunirsa und Ašertu,False,False,12,no bin keyword in title
343,Mythos vom Königtum des Gottes KAL,False,False,13,no bin keyword in title
344,"Lied vom Ursprung (Königtum im Himmel, Theogonie)",False,False,2,no bin keyword in title
345,"Lied von Ullikummi (.I Hethitisch, .II Hurritisch)",False,False,29,no bin keyword in title
346,Fragmente des Kumarbi-Mythos,True,False,27,bin keyword + short/generic title (3 words)
347,Atramḫasis,False,False,4,no bin keyword in title
348,"Lied von Ḫedammu (.I Hethitisch, .II Hurritisch)",False,False,46,no bin keyword in title
349,Teššup-Zyklus,False,False,3,no bin keyword in title
350,Fragmente mit Erwähnung Ištars,True,False,4,bin keyword + short/generic title (4 words)
351,Fragmente mit Erwähnung Eas,True,False,1,bin keyword + short/generic title (4 words)
352,Fragmente mit Erwähnung Ḫuranus,True,False,1,bin keyword + short/generic title (4 words)
353,Fragmente mit Erwähnung der Tochter der Plejaden (DIMIN.IMIN.BI),True,False,1,bin keyword present but title is long/specific (8 words) -- may be a real composition whose title mentions fragments; human review requested | RESOLVED 2026-07-21 (user sign-off): bin
360,Märchen von Appu und seinen Söhnen,False,False,14,no bin keyword in title
361,"Märchen vom Jäger Kešši und seiner schönen Frau (.I Hethitisch, .II Hurritisch, .III Akkadisch )",False,False,22,no bin keyword in title
362,Heldentaten des Gurparanzaḫ,False,False,7,no bin keyword in title
363,"Märchen vom Sonnengott, der Kuh und dem Fischer",False,False,1,no bin keyword in title
364,Gesang vom Silber,False,False,13,no bin keyword in title
365,Ritual und Mythos um den Euphrat (Māla),False,False,2,no bin keyword in title
370,"Mythologische Fragmente (.I Hethitisch, .II Hurritisch)",True,False,136,bin keyword + short/generic title (6 words)
371,Gebet an die Sonnengöttin der Erde,False,False,2,no bin keyword in title
372,Hymne und Gebet eines Sterblichen an den Sonnengott (Šamaš),False,False,1,no bin keyword in title
373,Kantuzzilis Gebet an den Sonnengott,False,False,2,no bin keyword in title
374,Gebet eines Königs an den Sonnengott,False,False,9,no bin keyword in title
375,Gebet Arnuwandas I. und Ašmunikkals an die Sonnengöttin von Arinna,False,False,25,no bin keyword in title
376,Hymnen und Gebete an die Sonnengöttin von Arinna,False,False,17,no bin keyword in title
377,Hymne und Gebet Muršilis II. an Telipinu,False,False,3,no bin keyword in title
378,Pestgebete Muršilis II.,False,False,15,no bin keyword in title
380,Gebet an Lelwani für die Genesung von Gaššulijawija,False,False,7,no bin keyword in title
381,Gebet Muwattallis II. an die Götterversammlung,False,False,4,no bin keyword in title
382,Gebet Muwattallis II. an den Wettergott von Kummanni,False,False,1,no bin keyword in title
383,Gebet Ḫattušilis III. und Puduḫepas an die Sonnengöttin von Arinna,False,False,2,no bin keyword in title
384,Gebet Puduḫepas an die Sonnengöttin von Arinna,False,False,5,no bin keyword in title
385,Fragmente der Gebete an die Sonnengöttin von Arinna,True,False,19,bin keyword present but title is long/specific (8 words) -- may be a real composition whose title mentions fragments; human review requested | RESOLVED 2026-07-21 (user sign-off): bin
386,Fragmente der Gebete an den Wettergott von Nerik,True,False,9,bin keyword present but title is long/specific (8 words) -- may be a real composition whose title mentions fragments; human review requested | RESOLVED 2026-07-21 (user sign-off): bin
387,Gebet Muršilis III.,False,False,5,no bin keyword in title
389,Gebetsfragmente,True,False,105,bin keyword + short/generic title (1 words)
390,"Rituale und Beschwörungen der Ajatarša, Wattiti und Šuššumaniga",False,False,5,no bin keyword in title
391,Ritual der Ambazzi,False,False,8,no bin keyword in title
393,Ritual der Anniwijanni für die DKAL-Gottheiten,False,False,2,no bin keyword in title
394,Ritual des Ašḫella aus Ḫapalla gegen Seuche im Heer,False,False,3,no bin keyword in title
395,Ritual der Ḫantitaššu aus Ḫurma,False,False,8,no bin keyword in title
396,Ritual der Ḫatija aus Kanzapida gegen die dämonische Wišurijant,False,False,4,no bin keyword in title
397,Ritual der Ḫebatarakki aus Zuḫaruwa,False,False,3,no bin keyword in title
398,Ritual des Auguren Ḫuwarlu,False,False,2,no bin keyword in title
399,Ritual des Jarri aus Lallupija gegen Verunreinigungen,False,False,2,no bin keyword in title
400,Ritual des Irija für die Reinigung einer Stadt,False,False,7,no bin keyword in title
401,Reinigungsrituale,False,False,9,no bin keyword in title
402,Ritual der Alli aus Arzawa,False,False,13,no bin keyword in title
403,Rituale der Mallidunna aus Durmitta,False,False,9,no bin keyword in title
404,Rituale der Maštigga aus Kizzuwatna,False,False,40,no bin keyword in title
406,Ritual der Paškuwatti aus Arzawa gegen Effemination,False,False,1,no bin keyword in title
407,Ritual des Puliša gegen eingeschleppte Seuchen,False,False,2,no bin keyword in title
408,Ritual der Pupuwanni gegen Behexung,False,False,12,no bin keyword in title
409,Rituale der Tunnawija,False,False,52,no bin keyword in title
410,Ritual des Uḫḫamuwa aus Arzawa gegen Seuche,False,False,3,no bin keyword in title
411,Ritual der Uruwanda gegen Auswirkungen von Verleumdungen,False,False,4,no bin keyword in title
412,Ritual und Mythos der Zuwi,False,False,23,no bin keyword in title
413,Bauritual zur Grundsteinlegung neuer Tempel oder Häuser,False,False,16,no bin keyword in title
414,Palastbauritual,False,False,13,no bin keyword in title
415,Tempelbauritual,False,False,8,no bin keyword in title
416,Vier althethitische Rituale für das Königspaar,False,False,4,no bin keyword in title
417,Rituale gegen Feinde des Königs,False,False,4,no bin keyword in title
418,Ritual gegen einen dem Königspaar feindlich gesinnten Fremden,False,False,14,no bin keyword in title
419,Ersatzrituale für den König,False,False,3,no bin keyword in title
420,Fragmente der Ersatzrituale,True,False,5,bin keyword + short/generic title (3 words)
421,Großes Ersatzritual,False,False,18,no bin keyword in title
422,Beschwörungsritual an der Feindesgrenze,False,False,11,no bin keyword in title
423,Evokationsritual für Götter einer feindlichen Stadt,False,False,6,no bin keyword in title
424,Rituale gegen Seuchen,False,False,9,no bin keyword in title
425,Rituale gegen Seuche im Heer,False,False,5,no bin keyword in title
426,Rituale für ein in der Schlacht besiegtes Heer,False,False,14,no bin keyword in title
427,Militärische Eide,False,False,8,no bin keyword in title
428,Fragmente militärischer Eide,True,False,11,bin keyword + short/generic title (3 words)
429,Ritual der Ambazzi gegen Verleumdungen,False,False,10,no bin keyword in title
430,Geburtsrituale,False,False,17,no bin keyword in title
431,Ritual der Bappi,False,False,3,no bin keyword in title
432,Ritual gegen Depression,False,False,2,no bin keyword in title
433,Rituale für Schutzgott der Jagdtasche (DKAL KUŠkuršaš),False,False,15,no bin keyword in title
434,"Rituale für Schicksalsgöttinnen (DINGIR.MAḪ, Gulšeš)",False,False,20,no bin keyword in title
435,Rituale und Anrufungen der Sonnengottheit,False,False,6,no bin keyword in title
436,Ritual des Meeres,False,False,5,no bin keyword in title
437,Ritual mit Nennung des Gottes Agni,False,False,1,no bin keyword in title
438,Ratschläge für einen König,False,False,4,no bin keyword in title
439,Ritual für Anzili und Zukki,False,False,2,no bin keyword in title
440,Ritual für Ḫamrišḫara,False,False,1,no bin keyword in title
441,Ritual zur Versöhnung eines Kindes mit der Mutter?,False,False,5,no bin keyword in title
442,Ritual für die Plejaden (DIMIN.IMIN.BI),False,False,3,no bin keyword in title
443,"Zwei Rituale zur Besänftigung von Sonnen- und Wettergott mit Erwähnung Ziplantiwijas, Tutḫalijas und Nikkalmatis",False,False,2,no bin keyword in title
444,Reinigungsritual,False,False,6,no bin keyword in title
445,Ritual zur Entsühnung von Inzest,False,False,2,no bin keyword in title
446,Hausreinigungsritual und Beschwörung der unterirdischen Gottheiten,False,False,20,no bin keyword in title
447,Ritual gegen eine unheilbringende Biene,False,False,3,no bin keyword in title
448,Rituale für die Sonnengöttin der Erde,False,False,97,no bin keyword in title
449,Rituale mit Erwähnung der unterirdischen Gottheiten,False,False,27,no bin keyword in title
450,Totenrituale (šalliš waštaiš),False,False,76,no bin keyword in title
451,Zwei Totenrituale mit Überführung der Gebeine,False,False,1,no bin keyword in title
452,Fragmente von Ersatzritualen,True,False,13,bin keyword + short/generic title (3 words)
453,Fragmente von Abwehrritualen,True,False,22,bin keyword + short/generic title (3 words)
455,Menschenopfer im Ritual,False,False,5,no bin keyword in title
456,Fragmente von Reinigungsritualen,True,False,36,bin keyword + short/generic title (3 words)
457,Fragmente von Beschwörungen und Mythen,True,False,21,bin keyword + short/generic title (5 words)
458,Fragmente von Beschwörungsritualen,True,False,157,bin keyword + short/generic title (3 words)
459,mugawar-Fragmente,True,False,24,bin keyword + short/generic title (1 words)
460,Fragmente mit Auflistungen magischer Substanzen,True,False,59,bin keyword + short/generic title (5 words)
461,Medizinische Texte,False,False,22,no bin keyword in title
463,Ritual der Ambazzi gegen schlechte Vorzeichen,False,False,2,no bin keyword in title
470,Ritualfragmente,True,False,1805,bin keyword + short/generic title (1 words)
471,Ritual des Ammiḫatna aus Kizzuwatna gegen Unreinheit,False,False,5,no bin keyword in title
472,"Ritual von Ammiḫatna, Tulbi und Mati gegen Unreinheit",False,False,7,no bin keyword in title
473,"Ritualfragmente von Ammiḫatna, Tulpi und Mati",True,False,5,bin keyword + short/generic title (6 words)
474,Ritual der Kuwanni,False,False,7,no bin keyword in title
475,"Ritual des Pillija, König von Kizzuwatna",False,False,27,no bin keyword in title
476,Geburtsritual des Papanegri,False,False,1,no bin keyword in title
477,Geburtsritual,False,False,14,no bin keyword in title
479,Ritual von Kizzuwatna,False,False,10,no bin keyword in title
480,Ritual von Šamuḫa,False,False,6,no bin keyword in title
481,Erweiterung des Kultes der Göttin der Nacht,False,False,4,no bin keyword in title
482,Reform des Kultes der Göttin der Nacht von Šamuḫa durch Muršili II.,False,False,1,no bin keyword in title
483,Evokationsrituale,False,False,28,no bin keyword in title
484,Evokationsrituale für DINGIR.MAḪ und Gulšeš,False,False,6,no bin keyword in title
485,"Evokationsrituale für Teššup, Ḫepat und Šarruma",False,False,15,no bin keyword in title
486,Muršilis Sprachlähmung,False,False,3,no bin keyword in title
487,Rituale mit Nennung der Išḫara,False,False,6,no bin keyword in title
488,Rituale mit Nennung der Ḫamrišḫara,False,False,7,no bin keyword in title
489,Ritual „Wenn eine Frau empfängt“,False,False,3,no bin keyword in title
490,"Ritual der Aštu, der Hurriterin",False,False,46,no bin keyword in title
491,Reinigungsrituale,False,False,9,no bin keyword in title
492,Ritual „Wenn sich ein Mensch an einem unbesiedelten Ort niederlässt“,False,False,3,no bin keyword in title
493,Vereidigungsritual,False,False,1,no bin keyword in title
494,Ritual der Königin und ihrer Söhne für die Göttin NIN.GAL,False,False,9,no bin keyword in title
495,Reinigungsrituale,False,False,19,no bin keyword in title
496,Ritual des Walkui,False,False,2,no bin keyword in title
500,Fragmente von Fest- und Beschwörungsritualen aus Kizzuwatna,True,False,463,bin keyword present but title is long/specific (7 words) -- may be a real composition whose title mentions fragments; human review requested | RESOLVED 2026-07-21 (user sign-off): bin
523,Versorgungen (melqētu) für lokale Festlichkeiten,False,False,16,no bin keyword in title
526,Kultinventare mit Kultbild- und Festbeschreibungen,False,False,36,no bin keyword in title
527,Kultinventare mit Kultbildbeschreibungen,False,False,65,no bin keyword in title
528,Kultinventare mit Festbeschreibungen,False,False,132,no bin keyword in title
529,Kultinventare ohne Kultbild- oder Festbeschreibungen,False,False,49,no bin keyword in title
530,Fragmente von Kultinventaren ohne Kultbild- oder Festbeschreibungen,True,False,253,bin keyword present but title is long/specific (7 words) -- may be a real composition whose title mentions fragments; human review requested | RESOLVED 2026-07-21 (user sign-off): bin
531,Hethitische Einleitung zu Enūma Anu Enlil,False,False,1,no bin keyword in title
532,"Mondfinsternis (.I Akkadisch, .II Hethitisch)",False,False,34,no bin keyword in title
533,Mondomina,False,False,14,no bin keyword in title
534,"Sonnenomina (.I Akkadisch, .II Hethitisch)",False,False,32,no bin keyword in title
535,Sternomina,False,False,22,no bin keyword in title
536,Terrestrische Omina (Serie Šumma ālu),False,False,10,no bin keyword in title
537,"Medizinische Omina (.I Akkadisch, .II Hethitisch)",False,False,19,no bin keyword in title
538,"Geburtsomina (šumma izbu) (.I Akkadisch, .II Hethitisch)",False,False,17,no bin keyword in title
540,"Serie „Wenn eine Frau gebiert“ (.I Akkadisch, .II Hethitisch)",False,False,13,no bin keyword in title
541,Erdbebenomina,False,False,3,no bin keyword in title
542,Ölomina,False,False,1,no bin keyword in title
543,Physiognomische Omina,False,False,5,no bin keyword in title
544,Tieromina,False,False,3,no bin keyword in title
545,"Geburtsomina (I. Akkadisch, .II Hethitisch)",False,False,3,no bin keyword in title
546,Hemerologien,False,False,4,no bin keyword in title
547,"Lebermodelle (.I Akkadisch, .II Akkadisch und Hethitisch)",False,False,60,no bin keyword in title
548,"Gallenomina (ZÉ, martu)",False,False,2,no bin keyword in title
549,"Leberomina: „Standort“ (KI.GUB) (.a Akkadisch, .b Akkadisch-Hethitisch, .c Hethitisch)",False,False,9,no bin keyword in title
550,Leberomina: „Joch“ (nīru),False,False,1,no bin keyword in title
551,Eingeweideomina: Darmwindungen (tīrānu),False,False,3,no bin keyword in title
552,Nierenomina (kallītu),False,False,1,no bin keyword in title
553,Leberomina: „Wohlbefinden“ (šulmu),False,False,2,no bin keyword in title
555,Leberomina: „Palasttor“ (bāb ekalli),False,False,2,no bin keyword in title
556,Fragmente akkadischer Leberomina,True,False,7,bin keyword + short/generic title (3 words)
557,Hethitische Anweisung zur Vogelschau,False,False,2,no bin keyword in title
558,Traumomina,False,False,1,no bin keyword in title
560,"Fragmente hethitischer und akkadischer Omina (.I Akkadisch, .II Hethitisch)",True,False,46,bin keyword present but title is long/specific (9 words) -- may be a real composition whose title mentions fragments; human review requested | RESOLVED 2026-07-21 (user sign-off): bin
561,Orakel zu Feldzügen des Königs im Kaškäergebiet,False,False,3,no bin keyword in title
562,Orakelitinerare im Kaškäergebiet,False,False,9,no bin keyword in title
563,Orakel zur Überwinterung des Königs,False,False,4,no bin keyword in title
564,Orakel zu Festen für den Gott von Aleppo,False,False,1,no bin keyword in title
565,Orakel zum Kult der Gottheit Pirwa,False,False,2,no bin keyword in title
566,Orakel zum Kult der Gottheit von Arušna,False,False,1,no bin keyword in title
567,Orakel zum Kult der Ištar von Ninive,False,False,1,no bin keyword in title
568,Orakel zum Feiern verschiedener Feste,False,False,31,no bin keyword in title
569,Orakel zu Arma-Tarḫunta und Šaušgatti,False,False,12,no bin keyword in title
570,Leberorakel (SU),False,False,74,no bin keyword in title
571,Leberorakel (SU) mit unabgekürzten Termini,False,False,4,no bin keyword in title
572,Losorakel (KIN),False,False,126,no bin keyword in title
573,Vogelorakel (MUŠEN),False,False,111,no bin keyword in title
574,MUŠEN ḪURRI-Orakel,False,False,36,no bin keyword in title
575,Schlangenorakel,False,False,13,no bin keyword in title
576,Lagerorakel (šumma immeru),False,False,15,no bin keyword in title
577,"Kombinierte Orakel I: SU, KIN und MUŠEN",False,False,93,no bin keyword in title
578,Kombinierte Orakel II: SU und KIN,False,False,69,no bin keyword in title
579,Kombinierte Orakel III: SU und MUŠEN,False,False,34,no bin keyword in title
580,Kombinierte Orakel IV: KIN und MUŠEN,False,False,49,no bin keyword in title
581,Orakelbriefe,False,False,29,no bin keyword in title
582,Orakelfragmente,True,False,379,bin keyword + short/generic title (1 words)
583,Träume des Königs,False,False,2,no bin keyword in title
584,Träume der Königin,False,False,17,no bin keyword in title
585,Gelübde der Puduḫepa,False,False,44,no bin keyword in title
586,Stiftung von Feld und Personal,False,False,1,no bin keyword in title
590,Fragmente der Traum- und Gelübdetexte,True,False,141,bin keyword + short/generic title (5 words)
591,Das Monatsfest,False,False,74,no bin keyword in title
592,Frühlings- und Herbstfest in Zippalanda,False,False,43,no bin keyword in title
593,Frühlingsfest auf dem Berg Tapala,False,False,6,no bin keyword in title
594,Frühlingsfest in Tippuwa,False,False,17,no bin keyword in title
595,Fragmente der Frühlingsfeste,True,False,5,bin keyword + short/generic title (3 words)
596,Fragmente der Herbstfeste,True,False,4,bin keyword + short/generic title (3 words)
597,Winterfest,False,False,12,no bin keyword in title
598,Winterfest für die Sonnengöttin von Arinna,False,False,12,no bin keyword in title
599,Winterreise der heiligen Jagdtasche,False,False,1,no bin keyword in title
600,Neujahrfest,False,False,1,no bin keyword in title
604,"AN.DAḪ.ŠUMSAR, Übersichtstafeln",False,False,14,no bin keyword in title
605,"AN.DAḪ.ŠUMSAR, 1. Tag",False,False,4,no bin keyword in title
606,"AN.DAḪ.ŠUMSAR, 2. Tag",False,False,3,no bin keyword in title
608,"AN.DAḪ.ŠUMSAR, 7.–8. Tag",False,False,19,no bin keyword in title
609,"AN.DAḪ.ŠUMSAR, 11. Tag",False,False,15,no bin keyword in title
610,"AN.DAḪ.ŠUMSAR, 12.–13. Tag: Tempel des Ziparwa",False,False,35,no bin keyword in title
611,"AN.DAḪ.ŠUMSAR, 14.–15. Tag: für die Sonnengöttin der Erde",False,False,11,no bin keyword in title
612,"AN.DAḪ.ŠUMSAR, 16. Tag: Tempel des Zababa",False,False,46,no bin keyword in title
613,"AN.DAḪ.ŠUMSAR, 18.–19. Tag: für den Wettergott des Blitzes",False,False,45,no bin keyword in title
614,"AN.DAḪ.ŠUMSAR, 21.? Tag: für die Erdgottheit IB/URAŠ",False,False,1,no bin keyword in title
615,"AN.DAḪ.ŠUMSAR, 22.–25. Tag: für die Ištar von Ḫattarina",False,False,27,no bin keyword in title
616,"AN.DAḪ.ŠUMSAR, 29. Tag: für Ea und seinen Kreis",False,False,33,no bin keyword in title
617,"AN.DAḪ.ŠUMSAR, 32. Tag: für die Schutzgottheit von Tauriša",False,False,4,no bin keyword in title
618,"AN.DAḪ.ŠUMSAR, 33.–34. Tag: am Berge Piškurunuwa",False,False,12,no bin keyword in title
619,"AN.DAḪ.ŠUMSAR, 38. Tag: Regenfest",False,False,2,no bin keyword in title
620,AN.DAḪ.ŠUMSAR in Ankuwa für die Göttin Kataḫḫa,False,False,4,no bin keyword in title
625,Fragmente des AN.DAḪ.ŠUMSAR-Festes,True,False,56,bin keyword + short/generic title (3 words)
626,Fest der Eile (EZEN₄ nuntarrijašḫaš),False,False,170,"seed hypothesis flagged this as a possible bin, but title has NO fragment-bin keyword -- seed was wrong or title is misleading; human review requested | RESOLVED 2026-07-21: real composition (no bin keyword, seed was wrong)"
627,KI.LAM-Fest,False,False,188,"seed hypothesis flagged this as a possible bin, but title has NO fragment-bin keyword -- seed was wrong or title is misleading; human review requested | RESOLVED 2026-07-21: real composition (no bin keyword, seed was wrong)"
628,(ḫ)išuwa-Fest,False,False,301,"seed hypothesis flagged this as a possible bin, but title has NO fragment-bin keyword -- seed was wrong or title is misleading; human review requested | RESOLVED 2026-07-21: real composition (no bin keyword, seed was wrong)"
629,Beständiges Fest (EZEN₄ SAG.UŠ),False,False,2,no bin keyword in title
630,Mond- und Donnerfest,False,False,10,no bin keyword in title
631,Gewitterritual,False,False,24,no bin keyword in title
632,Fest der Ahnen,False,False,3,no bin keyword in title
633,Fest der Investitur zum Thronfolger (EZEN₄ ḫaššumaš),False,False,5,no bin keyword in title
634,Großes Fest von Arinna,False,False,57,no bin keyword in title
635,Fragmente der Feste von Zippalanda und dem Berg Daḫa,True,False,111,bin keyword present but title is long/specific (9 words) -- may be a real composition whose title mentions fragments; human review requested | RESOLVED 2026-07-21 (user sign-off): bin
636,Fest von Šarišša,False,False,7,no bin keyword in title
637,Festritual für den Gott von Ḫiššašḫapa,False,False,3,no bin keyword in title
638,Feste für Telipinu,False,False,42,no bin keyword in title
639,Fragmente des Festes für Titiwatti,True,False,5,bin keyword + short/generic title (5 words)
640,Festfragmente für luwische Gottheiten,True,False,1,bin keyword + short/generic title (4 words)
641,Kult der Išḫara,False,False,5,no bin keyword in title
642,Fragmente mit Nennung des Vegetationsgottes Zinkuruwa,True,False,8,bin keyword + short/generic title (6 words)
643,Fragmente mit Nennung des Gottes Ziparwa,True,False,7,bin keyword + short/generic title (6 words)
644,Fest- oder Ritualfragmente mit Nennung des Pirinkir,True,False,14,bin keyword present but title is long/specific (7 words) -- may be a real composition whose title mentions fragments; human review requested | RESOLVED 2026-07-21 (user sign-off): bin
645,Fragmente der Feste für die unterirdischen Gottheiten,True,False,51,bin keyword present but title is long/specific (7 words) -- may be a real composition whose title mentions fragments; human review requested | RESOLVED 2026-07-21 (user sign-off): bin
646,Fragmente der von der Königin gefeierten Feste,True,False,46,bin keyword present but title is long/specific (7 words) -- may be a real composition whose title mentions fragments; human review requested | RESOLVED 2026-07-21 (user sign-off): bin
647,Vom Prinzen gefeierte Feste (DUMU.LUGAL bzw. DUMU-aš),False,False,121,no bin keyword in title
648,Festfragmente mit Wettkampfszenen,True,False,4,bin keyword + short/generic title (3 words)
649,Festfragmente mit Nennung der NIN.DINGIR-Priesterin,True,False,78,bin keyword + short/generic title (5 words)
650,Festfragmente mit Nennung von zintuḫi-Frauen,True,False,42,bin keyword + short/generic title (5 words)
651,Festfragmente mit Nennung von ḫazgarai-Frauen,True,False,20,bin keyword + short/generic title (5 words)
652,Festfragmente mit Nennung eines „Mannes des Wettergottes“ (LÚ D10),True,False,50,bin keyword present but title is long/specific (9 words) -- may be a real composition whose title mentions fragments; human review requested | RESOLVED 2026-07-21 (user sign-off): bin
653,Festfragmente mit Nennung von „Hundemännern“ (LÚ.MEŠUR.GI₇),True,False,28,bin keyword + short/generic title (6 words)
655,Festfragmente mit Nennung des Königs Ḫantili,True,False,11,bin keyword + short/generic title (6 words)
656,"Gemischte Feste: Gesänge auf Hattisch, Hurritisch, Kanisisch usw.",False,False,14,no bin keyword in title
657,Kultreise aus Ḫattuša nach Ankuwa,False,False,1,no bin keyword in title
658,Kultrestauration?,False,False,1,no bin keyword in title
659,Fragmente eines Inthronisationsfestes,True,False,10,bin keyword + short/generic title (3 words)
660,Opfer für Königsstatuen,False,False,9,no bin keyword in title
661,Königslisten,False,False,26,no bin keyword in title
662,Opfergaben von Ortschaften für lokale Kulte,False,False,17,no bin keyword in title
663,Opfergaben mit Götternamen am Zeilenanfang,False,False,27,no bin keyword in title
664,Fragmente von Götterlisten (Feste?),True,False,26,bin keyword + short/generic title (4 words)
665,Fragmente mit Nennung von ašuša(tal)la-Leuten,True,False,8,bin keyword + short/generic title (5 words)
666,Texte zum Kult von Arinna,False,False,118,no bin keyword in title
667,Texte zum Kult von Zalpuwa,False,False,14,no bin keyword in title
668,Texte zum Kult von Ḫanḫana,False,False,32,no bin keyword in title
669,Größere Festritualfragmente,True,False,58,bin keyword + short/generic title (2 words)
670,Festritualfragmente,True,False,3067,bin keyword + short/generic title (1 words)
671,Opfer und Gebet an den Wettergott von Nerik,False,False,5,no bin keyword in title
672,Der Monatsfest von Nerik,False,False,4,no bin keyword in title
674,Fragmente des purullija-Festes von Nerik,True,False,13,bin keyword + short/generic title (5 words)
675,Fragmente des Festes im ḫešta-Haus,True,False,11,bin keyword + short/generic title (5 words)
676,Fragmente eines Reinigungsrituals in Nerik,True,False,4,bin keyword + short/generic title (5 words)
677,Rationenlisten (tarnatt-),False,False,23,no bin keyword in title
678,Festritualfragmente des Kultes von Nerik,True,False,70,bin keyword + short/generic title (5 words)
679,Fest der Reise nach Nerik,False,False,7,no bin keyword in title
681,Feste von Karaḫna,False,False,4,no bin keyword in title
682,Fest für alle Schutzgottheiten,False,False,28,no bin keyword in title
683,Erneuerung der Jagdtasche der Schutzgottheiten,False,False,32,no bin keyword in title
684,Fest für die Fluss-Schutzgottheiten,False,False,7,no bin keyword in title
685,Fragmente von Festritualen für Schutzgottheiten,True,False,28,bin keyword + short/generic title (5 words)
690,Liste der Feste für Ḫuwaššanna,False,False,1,no bin keyword in title
691,witašš(ij)aš-Fest,False,False,12,no bin keyword in title
692,Fragmente des witašš(ij)aš-Festes,True,False,96,bin keyword + short/generic title (3 words)
693,šaḫḫan-Fest,False,False,12,no bin keyword in title
694,Fragmente der Feste für Ḫuwaššanna,True,False,133,bin keyword + short/generic title (5 words)
698,Kulte von Teššup und Ḫebat von Aleppo,False,False,31,no bin keyword in title
699,Fest für Teššup und Ḫebat von Lawazantija,False,False,10,no bin keyword in title
700,Inthronisationsritual für Teššup und Ḫebat,False,False,13,no bin keyword in title
701,Trankopfer für den Thron der Ḫebat,False,False,164,no bin keyword in title
702,Ritual nach der Renovierung eines Tempels der Ḫepat,False,False,3,no bin keyword in title
703,"Rituale des Muwalanni, Priesters von Kummanni, für Teššup von Manuzzija",False,False,6,no bin keyword in title
704,Listen hurritischer Gottheiten in Festritualen,False,False,69,no bin keyword in title
705,Listen hurritischer Gottheiten in Festritualen,False,False,95,no bin keyword in title
706,Fragmente von Festritualen für Teššup und Ḫebat,True,False,86,bin keyword present but title is long/specific (7 words) -- may be a real composition whose title mentions fragments; human review requested | RESOLVED 2026-07-21 (user sign-off): bin
709,šatlašša-Fest,False,False,1,no bin keyword in title
711,Herbstfest für Ištar von Šamuḫa,False,False,2,no bin keyword in title
712,Fest für Ištar von Šamuḫa,False,False,27,no bin keyword in title
713,Ritual für Ištar von Tamininga,False,False,4,no bin keyword in title
714,Fest für Ištar von Ninive,False,False,15,no bin keyword in title
715,Winterfest für Ištar von Ninive,False,False,3,no bin keyword in title
716,Ritual für Ištar von Ninive,False,False,9,no bin keyword in title
717,Ritual und Hymne an Ištar,False,False,1,no bin keyword in title
718,Ritual für Ištar-Pirinkir mit Rezitationen auf babylonisch (pabilili),False,False,43,no bin keyword in title
719,"Fest für Ištar, Ḫu(r)dumana, Aruna",False,False,5,no bin keyword in title
720,Fragmente der Festrituale für Ištar,True,False,26,bin keyword + short/generic title (5 words)
721,Fest für Ištar des Berges Amana,False,False,2,no bin keyword in title
722,Rituale für das Große Meer und das tarmana-Meer,False,False,6,no bin keyword in title
725,Hattisch-hethitisches Ritual zur Einweihung eines Tempels,False,False,20,no bin keyword in title
726,Hattisch-hethitisches Grundsteinlegungsritual,False,False,14,no bin keyword in title
727,"Hattisch-hethitischer Mythos vom Mond, der vom Himmel fiel",False,False,6,no bin keyword in title
728,Hattisch-hethitische Beschwörung in Bezug auf Priester,False,False,3,no bin keyword in title
729,Hattisch-hethitische Schafbeschwörung,False,False,2,no bin keyword in title
730,Hattische Mond- und Windbeschwörungen,False,False,3,no bin keyword in title
731,Hattisch-hethitische Fragmente,True,False,8,bin keyword + short/generic title (2 words)
732,Ritual des Ḫutuši auf dem Feldzug,False,False,21,no bin keyword in title
733,"Invokationen hattischer Gottheiten: Göttersprache, Menschensprache",False,False,24,no bin keyword in title
734,Fragmente hattischer Rituale oder Beschwörungen,True,False,12,bin keyword + short/generic title (5 words)
735,Hattische Gebete oder Beschwörungen,False,False,21,no bin keyword in title
736,Lied der zintuḫi-Frauen für die Sonnengöttin,False,False,12,no bin keyword in title
737,Feste von Nerik (mit hattischen Sprüchen),False,False,1,no bin keyword in title
738,Feste für die Göttin Tetešḫapi,False,False,66,no bin keyword in title
739,Feste der Ortschaft Tuḫumijara,False,False,12,no bin keyword in title
740,Hattische Litaneien,False,False,5,no bin keyword in title
741,Hattischer Gesang der Frauen von Tiššarulija,False,False,8,no bin keyword in title
742,Hattische Gesänge (SÌR),False,False,5,no bin keyword in title
743,Hattische Wechselgesänge,False,False,32,no bin keyword in title
744,Festritualfragmente mit hattischen Sprüchen,True,False,126,bin keyword + short/generic title (4 words)
745,Hattische Fragmente,True,False,143,bin keyword + short/generic title (2 words)
746,Hattische Strophengesänge,False,False,37,no bin keyword in title
750,Festrituale für den Gott Ziparwa,False,False,22,no bin keyword in title
751,"Festritual für das palaische Pantheon – Brot-, Fleisch-, Getränkeopfer auf Palaisch",False,False,6,no bin keyword in title
752,Festritual für das palaische Pantheon – Ritual für die verschwundene und wiederkehrende Gottheit,False,False,4,no bin keyword in title
753,Festritual mit palaischer Rezitation,False,False,5,no bin keyword in title
754,Palaische Fragmente,True,False,21,bin keyword + short/generic title (2 words)
757,Ritual des Zarpija aus Kizzuwatna gegen Seuche,False,False,5,no bin keyword in title
758,Ritual des Purijanni gegen Verunreinigung des Hauses,False,False,11,no bin keyword in title
759,dupaduparša-Ritual,False,False,20,no bin keyword in title
760,Großes Ritual (šalli aniur) und dupaduparša-Ritual,False,False,41,no bin keyword in title
761,Großes Ritual (šalli aniur),False,False,33,no bin keyword in title
762,Großes Ritual (šalli aniur) und ḫalliyattanza-Ritual,False,False,20,no bin keyword in title
763,Ritualfragmente der Kuwattalla-Tradition,True,False,36,bin keyword + short/generic title (3 words)
764,Hethitisch-luwische Beschwörungen mit Erwähnung der göttlichen Triade von Tauriša,False,False,10,no bin keyword in title
765,Hethitisch-luwische Beschwörungen gegen Krankheit,False,False,12,no bin keyword in title
766,Hethitisch-luwische Beschwörungen für Eltern und ihr Kind,False,False,15,no bin keyword in title
767,Hethitisch-luwische Ritualfragmente,True,False,8,bin keyword + short/generic title (2 words)
768,Luwische mythologische Fragmente,True,False,5,bin keyword + short/generic title (3 words)
769,Luwisches Brieffragment,True,False,1,bin keyword + short/generic title (2 words)
770,Luwische Ritualfragmente,True,False,42,bin keyword + short/generic title (2 words)
771,Tafel von Lallupija (mit Luwismen),False,False,9,no bin keyword in title
772,Festrituale von Ištanuwa,False,False,33,no bin keyword in title
773,Gesang von Ištanuwa,False,False,18,no bin keyword in title
774,Hurritische Omina,False,False,51,no bin keyword in title
775,Historisch-mythologische hurritische Texte,False,False,5,no bin keyword in title
776,Mythologische Erzählungen,False,False,5,no bin keyword in title
777,"Mundwaschungsritual (itkaḫi-, itkalzi-)",False,False,38,no bin keyword in title
778,Fragmente des Mundwaschungsrituals mit Nennung Tašmišarris und Taduḫepas,True,False,54,bin keyword present but title is long/specific (8 words) -- may be a real composition whose title mentions fragments; human review requested | RESOLVED 2026-07-21 (user sign-off): bin
779,Ritual der Ummaya,False,False,2,no bin keyword in title
780,Ritual der Allaituraḫḫi,False,False,53,no bin keyword in title
781,Fragmente des Rituals der Allaituraḫḫi,True,False,18,bin keyword + short/generic title (5 words)
782,Ritual der Göttin Išḫara gegen Meineid,False,False,7,no bin keyword in title
783,Medizinische Rituale des Zellija,False,False,4,no bin keyword in title
784,Hurritisches Ritual für das Königspaar,False,False,1,no bin keyword in title
785,Ritual für den Berg Ḫazzi,False,False,18,no bin keyword in title
786,Hurritische Götterlisten,False,False,6,no bin keyword in title
787,Hurritische Opferlisten,False,False,24,no bin keyword in title
788,Ritual der Šalašu,False,False,15,no bin keyword in title
789,Lied der Freilassung,False,False,123,no bin keyword in title
790,Fragmente hethitisch-hurritischer Rituale und Beschwörungen,True,False,144,bin keyword + short/generic title (5 words)
791,Hurritische Fragmente,True,False,262,bin keyword + short/generic title (2 words)
792,Akkadische Hymne an Šamaš,False,False,3,no bin keyword in title
793,Beschwörung des Šamaš,False,False,1,no bin keyword in title
794,Sumerisch-akkadische Hymne und Gebet,False,False,1,no bin keyword in title
795,Fragmente akkadischer Hymnen,True,False,7,bin keyword + short/generic title (3 words)
796,Akkadische mythologische Erzählung?,False,False,3,no bin keyword in title
800,Sumerische Beschwörungen,False,False,11,no bin keyword in title
801,Sumerisch-akkadische Beschwörungen,False,False,9,no bin keyword in title
802,Ritual gegen Impotenz,False,False,9,no bin keyword in title
803,Akkadische Beschwörung šumma amīlu kašip,False,False,3,no bin keyword in title
804,Akkadische Beschwörung ana pišerti kišpī,False,False,15,no bin keyword in title
805,Sumerisch-akkadische Beschwörung UDUG.ḪUL.A.MEŠ:,False,False,5,no bin keyword in title
806,Beschwörungen mit Nennung Asalluḫis,False,False,5,no bin keyword in title
807,Akkadische Prismenfragmente,True,False,2,bin keyword + short/generic title (2 words)
808,Akkadischer medizinischer Text mit hethitischen und luwischen Glossen,False,False,1,no bin keyword in title
809,Akkadische Rezepturen gegen Augenkrankheiten,False,False,17,no bin keyword in title
810,Akkadische Beschwörung „Der Mondgott und die Kuh“,False,False,1,no bin keyword in title
811,Akkadische Rezepturen gegen Fieber,False,False,2,no bin keyword in title
812,Akkadische Beschwörungen,False,False,23,no bin keyword in title
813,Akkadische Fragmente,True,False,63,bin keyword + short/generic title (2 words)
814,Akkadische Weisheitstexte,False,False,1,no bin keyword in title
815,Akkadische Samenliste,False,False,1,no bin keyword in title
816,Akkadische Aufzählung von Soldaten,False,False,1,no bin keyword in title
817,Akkadische Eponymenliste (līmu),False,False,1,no bin keyword in title
818,Akkadische Gefangenenliste,False,False,1,no bin keyword in title
819,Akkadische Fragmente,True,False,171,bin keyword + short/generic title (2 words)
820,Segen für Labarna-König,False,False,20,no bin keyword in title
821,Königtum und göttliches Recht,False,False,4,no bin keyword in title
822,Die Erzählung von den Kaufleuten,False,False,2,no bin keyword in title
823,Feuerordal,False,False,2,no bin keyword in title
824,Itinerarfragmente,True,False,33,bin keyword + short/generic title (1 words)
825,Kolophone,False,False,74,no bin keyword in title
826,Etikett: Anrufung? in fehlerhaftem Hethitisch,False,False,1,"seed hypothesis flagged this as a possible bin, but title has NO fragment-bin keyword -- seed was wrong or title is misleading; human review requested | RESOLVED 2026-07-21: real composition (no bin keyword, seed was wrong)"
827,Orakel in archaischer Sprache,False,False,1,"seed hypothesis flagged this as a possible bin, but title has NO fragment-bin keyword -- seed was wrong or title is misleading; human review requested | RESOLVED 2026-07-21: real composition (no bin keyword, seed was wrong)"
828,Orakelanfragen,False,False,1,"seed hypothesis flagged this as a possible bin, but title has NO fragment-bin keyword -- seed was wrong or title is misleading; human review requested | RESOLVED 2026-07-21: real composition (no bin keyword, seed was wrong)"
831,Fragmente in unbekannter oder unbestimmbarer Sprache,True,False,16,bin keyword + short/generic title (6 words)
832,Hethitische Fragmente verschiedenen Inhaltes,True,False,3583,bin keyword + short/generic title (4 words)
834,"Opferzurüstungen, Schülertafel?",False,False,1,no bin keyword in title
